payment_id,order_id,amount,payment_method,payment_status
1,1,793.69,Bank Transfer,Failed
2,1,793.69,PayPal,Failed
3,1,793.69,Credit Card,Completed
4,2,439.46,Bank Transfer,Completed
5,3,2551.38,Bank Transfer,Completed
6,4,1583.51,PayPal,Pending
7,5,2068.08,Cash on Delivery,Refunded
8,6,3910.27,Debit Card,Pending
9,7,668.43,Credit Card,Refunded
10,8,3299.91,Credit Card,Refunded
11,9,473.55,Credit Card,Completed
12,10,10069.09,Credit Card,Completed
13,11,7978.75,Cash on Delivery,Refunded
14,12,1143.48,PayPal,Refunded
15,13,4570.55,PayPal,Failed
16,13,4570.55,Credit Card,Refunded
17,14,7046.26,PayPal,Refunded
18,15,116.52,Credit Card,Pending
19,16,1932.08,Debit Card,Completed
20,17,10191.66,Cash on Delivery,Completed
21,18,4216.5,Debit Card,Failed
22,18,4216.5,Credit Card,Refunded
23,19,3640.16,Bank Transfer,Completed
24,20,5678.7,Bank Transfer,Refunded
25,21,11930.92,Cash on Delivery,Pending
26,22,8797.1,Cash on Delivery,Completed
27,23,5014.7,PayPal,Failed
28,23,5014.7,Credit Card,Refunded
29,24,914.34,Cash on Delivery,Refunded
30,25,4716.88,Credit Card,Refunded
31,26,1495.2,Debit Card,Pending
32,27,5241.49,Bank Transfer,Failed
33,27,5241.49,Bank Transfer,Refunded
34,28,1977.24,Credit Card,Completed
35,29,1130.54,Bank Transfer,Completed
36,30,14906.0,Debit Card,Completed
37,31,2097.89,Debit Card,Completed
38,32,3283.7,Bank Transfer,Refunded
39,33,1482.16,Cash on Delivery,Refunded
40,34,2445.54,PayPal,Refunded
41,35,1087.55,PayPal,Pending
42,36,3000.46,Cash on Delivery,Pending
43,37,4524.96,Cash on Delivery,Completed
44,38,7538.93,Bank Transfer,Completed
45,39,8295.6,Cash on Delivery,Pending
46,40,1691.42,Credit Card,Completed
47,41,8439.01,Cash on Delivery,Completed
48,42,3391.28,PayPal,Pending
49,43,6404.07,Credit Card,Completed
50,44,2444.79,Cash on Delivery,Completed
51,45,3710.41,Credit Card,Pending
52,46,1088.61,PayPal,Pending
53,47,3431.11,PayPal,Completed
54,48,6814.07,PayPal,Completed
55,49,729.65,PayPal,Completed
56,50,6216.12,Bank Transfer,Failed
57,50,6216.12,Credit Card,Failed
58,50,6216.12,Credit Card,Pending
59,51,3460.56,PayPal,Pending
60,52,3336.28,Debit Card,Completed
61,53,7772.04,Bank Transfer,Completed
62,54,1902.21,Cash on Delivery,Completed
63,55,5631.64,Credit Card,Refunded
64,56,3120.54,Bank Transfer,Completed
65,57,7407.77,PayPal,Completed
66,58,3511.72,Bank Transfer,Completed
67,59,3781.86,Cash on Delivery,Refunded
68,60,8384.56,Debit Card,Pending
69,61,3606.16,Bank Transfer,Failed
70,61,3606.16,Credit Card,Failed
71,61,3606.16,PayPal,Refunded
72,62,548.25,PayPal,Pending
73,63,2000.46,PayPal,Completed
74,64,6967.34,Bank Transfer,Completed
75,65,6411.59,Credit Card,Refunded
76,66,5690.28,PayPal,Completed
77,67,6727.0,Debit Card,Refunded
78,68,1365.33,Cash on Delivery,Completed
79,69,7260.33,PayPal,Refunded
80,70,7753.06,Credit Card,Completed
81,71,3528.94,Cash on Delivery,Completed
82,72,108.36,PayPal,Completed
83,73,3012.8,PayPal,Completed
84,74,6429.4,Debit Card,Completed
85,75,4494.06,Debit Card,Completed
86,76,741.75,Debit Card,Pending
87,77,768.21,Bank Transfer,Refunded
88,78,2143.51,Credit Card,Completed
89,79,10477.55,PayPal,Failed
90,79,10477.55,Cash on Delivery,Completed
91,80,3864.81,Debit Card,Completed
92,81,4049.32,Debit Card,Failed
93,81,4049.32,Debit Card,Failed
94,81,4049.32,PayPal,Completed
95,82,3364.39,Cash on Delivery,Failed
96,82,3364.39,Debit Card,Failed
97,82,3364.39,Credit Card,Completed
98,83,6512.49,Debit Card,Completed
99,84,1283.0,Debit Card,Refunded
100,85,4121.0,Cash on Delivery,Completed
101,86,5132.87,Bank Transfer,Failed
102,86,5132.87,Debit Card,Completed
103,87,2822.2,Credit Card,Completed
104,88,3533.66,Cash on Delivery,Pending
105,89,2029.23,Cash on Delivery,Completed
106,90,3179.96,PayPal,Completed
107,91,4946.61,Debit Card,Pending
108,92,4367.51,Bank Transfer,Completed
109,93,943.08,Debit Card,Completed
110,94,2195.32,PayPal,Failed
111,94,2195.32,Bank Transfer,Failed
112,94,2195.32,Cash on Delivery,Completed
113,95,3866.84,Bank Transfer,Failed
114,95,3866.84,Bank Transfer,Failed
115,95,3866.84,Bank Transfer,Completed
116,96,2129.94,Debit Card,Pending
117,97,11487.95,Cash on Delivery,Refunded
118,98,16466.92,Bank Transfer,Completed
119,99,5016.73,PayPal,Refunded
120,100,3904.8,Debit Card,Completed
121,101,7422.41,Bank Transfer,Pending
122,102,5130.84,Cash on Delivery,Completed
123,103,6656.52,Cash on Delivery,Completed
124,104,2603.03,Credit Card,Completed
125,105,3725.83,Cash on Delivery,Completed
126,106,10047.41,PayPal,Completed
127,107,1865.78,Credit Card,Completed
128,108,4006.58,Bank Transfer,Refunded
129,109,2046.95,Credit Card,Refunded
130,110,7130.1,Bank Transfer,Completed
131,111,2566.66,Bank Transfer,Failed
132,111,2566.66,Credit Card,Failed
133,111,2566.66,Cash on Delivery,Completed
134,112,3049.5,Credit Card,Completed
135,113,7256.77,Debit Card,Pending
136,114,3510.01,Bank Transfer,Refunded
137,115,2560.47,Bank Transfer,Completed
138,116,4670.86,Credit Card,Failed
139,116,4670.86,Cash on Delivery,Refunded
140,117,3052.58,PayPal,Completed
141,118,4492.71,Bank Transfer,Refunded
142,119,3411.62,Cash on Delivery,Pending
143,120,7288.06,Bank Transfer,Refunded
144,121,3796.98,Debit Card,Failed
145,121,3796.98,Bank Transfer,Failed
146,121,3796.98,Credit Card,Refunded
147,122,7606.65,Cash on Delivery,Completed
148,123,465.88,Bank Transfer,Completed
149,124,1194.84,Bank Transfer,Completed
150,125,3085.53,Bank Transfer,Refunded
151,126,9866.54,Debit Card,Completed
152,127,2963.32,Credit Card,Completed
153,128,10304.05,Bank Transfer,Refunded
154,129,6733.46,Cash on Delivery,Pending
155,130,6598.22,Credit Card,Completed
156,131,1599.07,Bank Transfer,Completed
157,132,286.62,Debit Card,Completed
158,133,4188.3,Debit Card,Completed
159,134,2679.97,Debit Card,Refunded
160,135,8488.44,Bank Transfer,Refunded
161,136,4462.61,PayPal,Refunded
162,137,3798.4,Bank Transfer,Pending
163,138,3145.66,Credit Card,Completed
164,139,7420.73,Bank Transfer,Refunded
165,140,6744.52,PayPal,Refunded
166,141,6990.84,Cash on Delivery,Pending
167,142,4528.96,PayPal,Refunded
168,143,5967.67,PayPal,Completed
169,144,43.6,Credit Card,Completed
170,145,4113.15,Cash on Delivery,Failed
171,145,4113.15,PayPal,Completed
172,146,11720.16,Bank Transfer,Pending
173,147,1267.8,Bank Transfer,Pending
174,148,6506.75,Cash on Delivery,Completed
175,149,6140.3,PayPal,Completed
176,150,1161.68,Cash on Delivery,Pending
177,151,7998.32,PayPal,Completed
178,152,4404.09,Credit Card,Refunded
179,153,1893.61,Debit Card,Pending
180,154,5420.21,Debit Card,Pending
181,155,6435.8,Bank Transfer,Completed
182,156,4280.52,Cash on Delivery,Pending
183,157,3119.09,Bank Transfer,Completed
184,158,10080.12,Cash on Delivery,Pending
185,159,2764.17,Bank Transfer,Pending
186,160,3187.54,PayPal,Failed
187,160,3187.54,Credit Card,Completed
188,161,4458.12,Debit Card,Pending
189,162,7491.66,Credit Card,Completed
190,163,5581.55,PayPal,Refunded
191,164,6572.11,Bank Transfer,Pending
192,165,5695.61,PayPal,Completed
193,166,5392.92,Bank Transfer,Failed
194,166,5392.92,Debit Card,Completed
195,167,3066.08,Debit Card,Completed
196,168,959.49,Debit Card,Completed
197,169,2500.75,Credit Card,Completed
198,170,2333.55,Debit Card,Refunded
199,171,2094.93,Bank Transfer,Completed
200,172,5875.79,Credit Card,Completed
201,173,8774.94,Cash on Delivery,Completed
202,174,5330.48,Debit Card,Completed
203,175,9601.32,Bank Transfer,Pending
204,176,6096.35,Credit Card,Completed
205,177,6692.5,Credit Card,Failed
206,177,6692.5,Bank Transfer,Pending
207,178,923.45,Credit Card,Completed
208,179,2260.12,PayPal,Pending
209,180,4935.55,PayPal,Failed
210,180,4935.55,Cash on Delivery,Completed
211,181,10748.26,Debit Card,Completed
212,182,6946.37,Bank Transfer,Completed
213,183,2120.57,Cash on Delivery,Completed
214,184,272.4,Credit Card,Completed
215,185,2142.66,PayPal,Completed
216,186,5256.51,Debit Card,Completed
217,187,453.16,Bank Transfer,Failed
218,187,453.16,Bank Transfer,Pending
219,188,8141.69,Bank Transfer,Refunded
220,189,6696.51,Debit Card,Refunded
221,190,10734.43,Bank Transfer,Completed
222,191,2264.25,PayPal,Completed
223,192,1567.5,Cash on Delivery,Refunded
224,193,10288.32,PayPal,Refunded
225,194,2255.2,Bank Transfer,Refunded
226,195,510.84,Bank Transfer,Refunded
227,196,4704.53,PayPal,Completed
228,197,5818.83,Bank Transfer,Pending
229,198,9693.86,Cash on Delivery,Pending
230,199,3511.5,Credit Card,Completed
231,200,7613.37,PayPal,Completed
232,201,1121.77,Cash on Delivery,Pending
233,202,956.6,PayPal,Refunded
234,203,1541.68,Cash on Delivery,Refunded
235,204,6036.5,Debit Card,Completed
236,205,8219.29,Credit Card,Pending
237,206,1757.4,Credit Card,Refunded
238,207,3009.36,Cash on Delivery,Failed
239,207,3009.36,Debit Card,Failed
240,207,3009.36,PayPal,Completed
241,208,8297.99,Bank Transfer,Pending
242,209,4377.04,Bank Transfer,Completed
243,210,11169.78,PayPal,Completed
244,211,507.84,Debit Card,Completed
245,212,1596.58,Bank Transfer,Refunded
246,213,615.92,Bank Transfer,Pending
247,214,7035.57,PayPal,Completed
248,215,5436.58,Bank Transfer,Pending
249,216,160.56,Bank Transfer,Pending
250,217,6063.46,PayPal,Completed
251,218,6279.27,Debit Card,Pending
252,219,8119.31,Credit Card,Failed
253,219,8119.31,Debit Card,Refunded
254,220,10383.24,Cash on Delivery,Failed
255,220,10383.24,Debit Card,Completed
256,221,8882.13,PayPal,Completed
257,222,7660.62,Cash on Delivery,Failed
258,222,7660.62,Bank Transfer,Pending
259,223,6334.5,Cash on Delivery,Completed
260,224,4453.68,Cash on Delivery,Completed
261,225,977.2,Debit Card,Pending
262,226,4108.93,Cash on Delivery,Completed
263,227,5781.69,Cash on Delivery,Completed
264,228,7331.3,Credit Card,Completed
265,229,3475.74,Credit Card,Failed
266,229,3475.74,Debit Card,Completed
267,230,1965.56,Credit Card,Failed
268,230,1965.56,Bank Transfer,Completed
269,231,3425.48,Cash on Delivery,Refunded
270,232,3018.22,Cash on Delivery,Completed
271,233,3581.59,Debit Card,Pending
272,234,8811.77,PayPal,Pending
273,235,9074.89,Debit Card,Completed
274,236,2897.49,Credit Card,Completed
275,237,5032.01,Cash on Delivery,Completed
276,238,3174.54,Bank Transfer,Pending
277,239,1548.93,Debit Card,Completed
278,240,9552.44,Credit Card,Failed
279,240,9552.44,Cash on Delivery,Failed
280,240,9552.44,Bank Transfer,Refunded
281,241,3385.75,Credit Card,Completed
282,242,7901.0,Debit Card,Pending
283,243,8134.32,Bank Transfer,Completed
284,244,5755.75,Debit Card,Refunded
285,245,15576.28,Cash on Delivery,Refunded
286,246,4688.87,Debit Card,Completed
287,247,8575.57,Debit Card,Completed
288,248,6827.22,PayPal,Pending
289,249,7125.49,Debit Card,Completed
290,250,6590.29,Credit Card,Completed
291,251,3686.19,Debit Card,Completed
292,252,3577.61,Debit Card,Refunded
293,253,3026.38,Bank Transfer,Completed
294,254,7665.09,Cash on Delivery,Failed
295,254,7665.09,Debit Card,Completed
296,255,1882.16,PayPal,Completed
297,256,3681.7,Bank Transfer,Pending
298,257,1335.78,Cash on Delivery,Completed
299,258,194.97,Credit Card,Completed
300,259,4404.78,Cash on Delivery,Completed
301,260,2056.96,Credit Card,Completed
302,261,1565.9,Credit Card,Refunded
303,262,4448.09,PayPal,Pending
304,263,6854.6,Cash on Delivery,Completed
305,264,1660.9,Cash on Delivery,Pending
306,265,5913.64,PayPal,Completed
307,266,168.15,Credit Card,Completed
308,267,4541.31,Cash on Delivery,Pending
309,268,3153.37,Credit Card,Completed
310,269,7965.33,Debit Card,Completed
311,270,1728.72,Bank Transfer,Refunded
312,271,7482.74,PayPal,Pending
313,272,308.5,Bank Transfer,Pending
314,273,6465.67,PayPal,Completed
315,274,5266.14,PayPal,Completed
316,275,5234.58,Cash on Delivery,Completed
317,276,4924.33,PayPal,Failed
318,276,4924.33,Cash on Delivery,Failed
319,276,4924.33,Bank Transfer,Completed
320,277,3663.98,PayPal,Completed
321,278,6272.18,PayPal,Failed
322,278,6272.18,Bank Transfer,Failed
323,278,6272.18,Cash on Delivery,Pending
324,279,2497.38,PayPal,Refunded
325,280,4882.66,Cash on Delivery,Completed
326,281,8898.38,Bank Transfer,Refunded
327,282,3549.16,PayPal,Completed
328,283,4638.74,PayPal,Completed
329,284,930.9,Bank Transfer,Failed
330,284,930.9,Cash on Delivery,Completed
331,285,1401.8,Debit Card,Completed
332,286,7592.98,Credit Card,Failed
333,286,7592.98,Credit Card,Completed
334,287,3766.04,Debit Card,Refunded
335,288,285.96,Credit Card,Completed
336,289,8857.1,Credit Card,Completed
337,290,2158.56,Cash on Delivery,Completed
338,291,1324.41,PayPal,Completed
339,292,4792.95,Cash on Delivery,Failed
340,292,4792.95,Credit Card,Completed
341,293,779.74,PayPal,Refunded
342,294,50.29,PayPal,Failed
343,294,50.29,Bank Transfer,Failed
344,294,50.29,PayPal,Completed
345,295,2475.16,Bank Transfer,Refunded
346,296,12394.01,PayPal,Completed
347,297,1556.28,Cash on Delivery,Refunded
348,298,4939.39,Debit Card,Completed
349,299,4248.81,Credit Card,Pending
350,300,9331.08,Credit Card,Completed
351,301,3035.53,Debit Card,Pending
352,302,4335.83,Credit Card,Refunded
353,303,13661.85,Debit Card,Completed
354,304,2583.16,PayPal,Refunded
355,305,1346.96,Debit Card,Refunded
356,306,486.5,Debit Card,Failed
357,306,486.5,Cash on Delivery,Failed
358,306,486.5,Cash on Delivery,Completed
359,307,5791.18,Credit Card,Completed
360,308,3891.25,Bank Transfer,Completed
361,309,6818.2,Cash on Delivery,Refunded
362,310,8041.14,Debit Card,Pending
363,311,2455.98,Bank Transfer,Refunded
364,312,4559.2,Debit Card,Completed
365,313,1247.85,Debit Card,Pending
366,314,7464.01,Cash on Delivery,Completed
367,315,727.4,Bank Transfer,Refunded
368,316,2974.05,Credit Card,Completed
369,317,1868.14,Cash on Delivery,Completed
370,318,3175.64,Credit Card,Refunded
371,319,1291.0,PayPal,Completed
372,320,2942.07,Bank Transfer,Completed
373,321,11292.21,Credit Card,Pending
374,322,769.8,Credit Card,Pending
375,323,2504.81,Credit Card,Completed
376,324,2575.02,Cash on Delivery,Refunded
377,325,4216.55,Credit Card,Refunded
378,326,2789.75,PayPal,Pending
379,327,4173.18,PayPal,Completed
380,328,5084.84,PayPal,Pending
381,329,5381.01,Cash on Delivery,Completed
382,330,4551.61,Credit Card,Pending
383,331,8305.4,Bank Transfer,Refunded
384,332,4422.72,PayPal,Completed
385,333,2040.33,PayPal,Completed
386,334,3982.43,Debit Card,Completed
387,335,7902.3,Bank Transfer,Completed
388,336,4904.68,PayPal,Refunded
389,337,2023.52,Debit Card,Pending
390,338,3348.33,Credit Card,Completed
391,339,2454.37,Credit Card,Completed
392,340,5274.08,PayPal,Pending
393,341,5222.08,Cash on Delivery,Completed
394,342,915.55,Debit Card,Completed
395,343,1435.44,PayPal,Completed
396,344,3483.28,PayPal,Completed
397,345,5795.74,Cash on Delivery,Pending
398,346,2342.12,Debit Card,Refunded
399,347,2819.67,Cash on Delivery,Completed
400,348,3550.49,Bank Transfer,Completed
401,349,5234.98,PayPal,Pending
402,350,6729.18,Credit Card,Failed
403,350,6729.18,Bank Transfer,Completed
404,351,8596.29,Credit Card,Completed
405,352,2438.39,Credit Card,Refunded
406,353,4340.86,Bank Transfer,Refunded
407,354,1806.93,PayPal,Pending
408,355,4610.25,Cash on Delivery,Refunded
409,356,2694.75,PayPal,Completed
410,357,3625.22,Cash on Delivery,Completed
411,358,6154.21,Credit Card,Pending
412,359,6503.98,Bank Transfer,Refunded
413,360,2921.22,Cash on Delivery,Failed
414,360,2921.22,Bank Transfer,Completed
415,361,4296.07,Bank Transfer,Pending
416,362,2040.33,Bank Transfer,Pending
417,363,729.6,Debit Card,Completed
418,364,5581.06,PayPal,Refunded
419,365,1571.12,Cash on Delivery,Completed
420,366,2346.83,Bank Transfer,Failed
421,366,2346.83,Cash on Delivery,Completed
422,367,4499.57,Bank Transfer,Pending
423,368,3416.83,PayPal,Completed
424,369,1547.67,Cash on Delivery,Pending
425,370,7531.85,Bank Transfer,Completed
426,371,8449.43,Debit Card,Completed
427,372,5927.02,Debit Card,Refunded
428,373,8705.1,Bank Transfer,Completed
429,374,661.18,Debit Card,Refunded
430,375,1864.08,PayPal,Refunded
431,376,4226.71,Bank Transfer,Completed
432,377,247.2,Debit Card,Completed
433,378,6143.55,Bank Transfer,Completed
434,379,9486.41,PayPal,Pending
435,380,2847.3,Credit Card,Failed
436,380,2847.3,Bank Transfer,Failed
437,380,2847.3,Bank Transfer,Completed
438,381,5351.1,Cash on Delivery,Completed
439,382,8495.84,Debit Card,Completed
440,383,3732.66,PayPal,Completed
441,384,1280.49,Bank Transfer,Completed
442,385,3280.03,Credit Card,Pending
443,386,5016.59,Bank Transfer,Completed
444,387,4212.21,Cash on Delivery,Completed
445,388,1454.26,Debit Card,Completed
446,389,10417.85,Bank Transfer,Completed
447,390,2755.88,Debit Card,Completed
448,391,2633.79,Credit Card,Pending
449,392,2921.59,PayPal,Completed
450,393,3200.74,Cash on Delivery,Completed
451,394,6325.82,Debit Card,Refunded
452,395,1091.42,PayPal,Completed
453,396,5619.35,Credit Card,Refunded
454,397,3601.14,Cash on Delivery,Completed
455,398,2551.6,PayPal,Pending
456,399,858.84,Cash on Delivery,Refunded
457,400,1190.84,Credit Card,Refunded
458,401,2400.82,Cash on Delivery,Completed
459,402,10887.49,Cash on Delivery,Completed
460,403,692.92,PayPal,Completed
461,404,2644.52,Debit Card,Failed
462,404,2644.52,PayPal,Failed
463,404,2644.52,Credit Card,Pending
464,405,3497.39,PayPal,Completed
465,406,4183.23,Credit Card,Completed
466,407,5687.05,Debit Card,Failed
467,407,5687.05,Debit Card,Refunded
468,408,1174.14,Cash on Delivery,Completed
469,409,1464.75,Bank Transfer,Completed
470,410,6739.99,Debit Card,Completed
471,411,4602.8,Bank Transfer,Completed
472,412,8698.84,Bank Transfer,Refunded
473,413,6997.1,Bank Transfer,Completed
474,414,3881.94,Credit Card,Refunded
475,415,2730.87,Bank Transfer,Completed
476,416,5135.06,Debit Card,Completed
477,417,6800.5,Cash on Delivery,Pending
478,418,1002.16,Credit Card,Refunded
479,419,1031.25,Bank Transfer,Refunded
480,420,1610.34,Bank Transfer,Refunded
481,421,6284.85,PayPal,Refunded
482,422,5773.37,Bank Transfer,Completed
483,423,6255.12,Credit Card,Refunded
484,424,4009.23,Cash on Delivery,Completed
485,425,1584.31,Bank Transfer,Failed
486,425,1584.31,Debit Card,Failed
487,425,1584.31,Cash on Delivery,Pending
488,426,1162.12,Credit Card,Refunded
489,427,7729.1,PayPal,Completed
490,428,6152.25,PayPal,Failed
491,428,6152.25,PayPal,Refunded
492,429,4991.12,Credit Card,Completed
493,430,2437.31,Debit Card,Failed
494,430,2437.31,Credit Card,Failed
495,430,2437.31,Bank Transfer,Refunded
496,431,14143.89,Bank Transfer,Pending
497,432,1528.69,Bank Transfer,Pending
498,433,5044.99,Credit Card,Completed
499,434,7111.13,Bank Transfer,Completed
500,435,2339.08,Cash on Delivery,Refunded
501,436,1492.21,Debit Card,Completed
502,437,6364.74,Bank Transfer,Pending
503,438,1851.49,Bank Transfer,Completed
504,439,1733.04,Debit Card,Refunded
505,440,4053.55,Credit Card,Failed
506,440,4053.55,Debit Card,Failed
507,440,4053.55,Bank Transfer,Refunded
508,441,5330.72,Cash on Delivery,Completed
509,442,2835.99,PayPal,Completed
510,443,1295.84,Cash on Delivery,Pending
511,444,2494.82,Cash on Delivery,Completed
512,445,7630.74,PayPal,Completed
513,446,2213.2,Debit Card,Completed
514,447,1067.26,Credit Card,Refunded
515,448,5368.05,Cash on Delivery,Refunded
516,449,3224.68,Debit Card,Completed
517,450,5518.87,Bank Transfer,Completed
518,451,1871.5,PayPal,Completed
519,452,4285.91,Credit Card,Failed
520,452,4285.91,Cash on Delivery,Completed
521,453,4394.91,Debit Card,Failed
522,453,4394.91,PayPal,Pending
523,454,6953.28,PayPal,Completed
524,455,521.55,PayPal,Completed
525,456,9418.78,Debit Card,Pending
526,457,7351.32,Credit Card,Refunded
527,458,2775.04,Bank Transfer,Completed
528,459,1736.62,Bank Transfer,Failed
529,459,1736.62,Debit Card,Failed
530,459,1736.62,Bank Transfer,Refunded
531,460,3491.55,Cash on Delivery,Refunded
532,461,900.23,Credit Card,Completed
533,462,1728.88,Bank Transfer,Pending
534,463,8642.44,Credit Card,Completed
535,464,5351.56,Credit Card,Refunded
536,465,7846.73,PayPal,Refunded
537,466,2757.81,Debit Card,Completed
538,467,2902.84,Credit Card,Refunded
539,468,2748.13,Bank Transfer,Completed
540,469,5925.5,Credit Card,Completed
541,470,4678.27,Debit Card,Completed
542,471,2940.08,Bank Transfer,Completed
543,472,6721.71,Debit Card,Completed
544,473,4126.25,Debit Card,Completed
545,474,1881.14,Cash on Delivery,Completed
546,475,313.18,PayPal,Pending
547,476,5847.51,Cash on Delivery,Failed
548,476,5847.51,Credit Card,Failed
549,476,5847.51,Cash on Delivery,Completed
550,477,1709.68,Cash on Delivery,Pending
551,478,2564.52,PayPal,Failed
552,478,2564.52,Credit Card,Refunded
553,479,7570.43,Credit Card,Completed
554,480,2421.35,Cash on Delivery,Refunded
555,481,3033.52,Credit Card,Refunded
556,482,5550.35,PayPal,Completed
557,483,4753.42,Cash on Delivery,Completed
558,484,6504.87,Credit Card,Failed
559,484,6504.87,PayPal,Failed
560,484,6504.87,Cash on Delivery,Refunded
561,485,3969.09,PayPal,Pending
562,486,4168.2,Debit Card,Pending
563,487,4087.52,Cash on Delivery,Pending
564,488,11232.99,Bank Transfer,Pending
565,489,9603.85,Credit Card,Pending
566,490,3877.27,Cash on Delivery,Completed
567,491,4975.67,Credit Card,Refunded
568,492,5298.73,Bank Transfer,Pending
569,493,7554.48,Cash on Delivery,Pending
570,494,2686.55,Bank Transfer,Pending
571,495,4415.83,Bank Transfer,Refunded
572,496,3205.84,Cash on Delivery,Pending
573,497,3737.93,Bank Transfer,Completed
574,498,7941.69,PayPal,Pending
575,499,11101.13,Credit Card,Refunded
576,500,10083.1,Debit Card,Completed
577,501,1094.75,Cash on Delivery,Completed
578,502,695.97,PayPal,Completed
579,503,6926.24,PayPal,Completed
580,504,2985.57,Bank Transfer,Pending
581,505,1683.4,Cash on Delivery,Refunded
582,506,167.79,PayPal,Pending
583,507,3211.66,PayPal,Failed
584,507,3211.66,PayPal,Pending
585,508,4607.8,Bank Transfer,Completed
586,509,7061.71,Debit Card,Completed
587,510,4604.61,Debit Card,Completed
588,511,3042.92,Credit Card,Completed
589,512,5003.39,Debit Card,Completed
590,513,2519.16,Credit Card,Refunded
591,514,6211.26,PayPal,Completed
592,515,378.36,Cash on Delivery,Completed
593,516,2393.54,Credit Card,Completed
594,517,887.3,Cash on Delivery,Pending
595,518,5969.9,Credit Card,Completed
596,519,6707.96,Credit Card,Pending
597,520,5100.82,Bank Transfer,Completed
598,521,4430.96,Bank Transfer,Refunded
599,522,3054.19,Bank Transfer,Refunded
600,523,9671.43,Debit Card,Pending
601,524,1810.9,Credit Card,Completed
602,525,722.4,Cash on Delivery,Completed
603,526,2652.85,Bank Transfer,Pending
604,527,838.15,PayPal,Pending
605,528,1876.46,PayPal,Completed
606,529,1968.24,Cash on Delivery,Completed
607,530,2429.43,Bank Transfer,Pending
608,531,3824.6,Credit Card,Completed
609,532,7564.47,Bank Transfer,Refunded
610,533,1051.76,Cash on Delivery,Completed
611,534,3862.38,PayPal,Refunded
612,535,10752.5,Credit Card,Completed
613,536,3391.87,Debit Card,Refunded
614,537,6647.6,Credit Card,Failed
615,537,6647.6,Debit Card,Failed
616,537,6647.6,Cash on Delivery,Refunded
617,538,4192.15,Bank Transfer,Failed
618,538,4192.15,Bank Transfer,Completed
619,539,6074.64,Bank Transfer,Pending
620,540,2614.14,Credit Card,Completed
621,541,4491.23,PayPal,Completed
622,542,5317.05,Bank Transfer,Pending
623,543,1664.92,PayPal,Refunded
624,544,2837.21,Credit Card,Refunded
625,545,4646.49,Bank Transfer,Pending
626,546,2064.18,Debit Card,Completed
627,547,2399.16,Credit Card,Pending
628,548,7983.71,Cash on Delivery,Refunded
629,549,4280.43,PayPal,Completed
630,550,3055.4,Cash on Delivery,Failed
631,550,3055.4,Bank Transfer,Failed
632,550,3055.4,PayPal,Refunded
633,551,2157.75,Bank Transfer,Failed
634,551,2157.75,Bank Transfer,Failed
635,551,2157.75,Bank Transfer,Completed
636,552,996.74,Cash on Delivery,Failed
637,552,996.74,Cash on Delivery,Refunded
638,553,6705.39,Cash on Delivery,Completed
639,554,246.8,Cash on Delivery,Refunded
640,555,1440.18,Credit Card,Completed
641,556,8080.18,PayPal,Refunded
642,557,6181.5,PayPal,Failed
643,557,6181.5,Bank Transfer,Failed
644,557,6181.5,Cash on Delivery,Completed
645,558,1761.21,PayPal,Pending
646,559,3920.63,PayPal,Completed
647,560,1988.51,PayPal,Pending
648,561,7446.62,Bank Transfer,Refunded
649,562,14130.55,Credit Card,Refunded
650,563,7650.47,Bank Transfer,Completed
651,564,5645.94,Debit Card,Completed
652,565,3609.93,PayPal,Failed
653,565,3609.93,Credit Card,Failed
654,565,3609.93,Credit Card,Pending
655,566,3098.53,PayPal,Refunded
656,567,5134.03,Debit Card,Completed
657,568,3085.71,Credit Card,Pending
658,569,12941.68,Bank Transfer,Refunded
659,570,2245.14,Credit Card,Failed
660,570,2245.14,Credit Card,Failed
661,570,2245.14,PayPal,Completed
662,571,2920.7,Cash on Delivery,Pending
663,572,272.67,Credit Card,Completed
664,573,1978.9,Bank Transfer,Refunded
665,574,740.83,Credit Card,Completed
666,575,2821.57,Debit Card,Pending
667,576,10917.94,Bank Transfer,Completed
668,577,6549.92,Cash on Delivery,Completed
669,578,8335.27,Credit Card,Completed
670,579,11718.35,Debit Card,Refunded
671,580,5919.11,Bank Transfer,Completed
672,581,3690.64,Debit Card,Completed
673,582,15642.5,Bank Transfer,Completed
674,583,556.31,Debit Card,Completed
675,584,8355.95,PayPal,Pending
676,585,915.04,Bank Transfer,Pending
677,586,6859.72,Bank Transfer,Completed
678,587,31.74,Credit Card,Refunded
679,588,1215.98,Credit Card,Completed
680,589,980.02,PayPal,Completed
681,590,7716.54,Bank Transfer,Refunded
682,591,1996.06,Credit Card,Completed
683,592,1314.65,Bank Transfer,Refunded
684,593,4543.89,Bank Transfer,Completed
685,594,5481.58,PayPal,Pending
686,595,2322.37,PayPal,Completed
687,596,6398.42,Credit Card,Failed
688,596,6398.42,Cash on Delivery,Failed
689,596,6398.42,PayPal,Pending
690,597,10625.67,PayPal,Failed
691,597,10625.67,Debit Card,Completed
692,598,2616.72,Bank Transfer,Failed
693,598,2616.72,Bank Transfer,Completed
694,599,6262.06,Bank Transfer,Completed
695,600,8751.93,Debit Card,Completed
696,601,5568.43,Credit Card,Completed
697,602,1333.52,Bank Transfer,Completed
698,603,9179.55,Bank Transfer,Completed
699,604,4259.92,Bank Transfer,Refunded
700,605,6660.74,Bank Transfer,Refunded
701,606,6136.57,Credit Card,Completed
702,607,6216.5,PayPal,Failed
703,607,6216.5,Cash on Delivery,Failed
704,607,6216.5,Credit Card,Completed
705,608,4596.42,Cash on Delivery,Completed
706,609,1607.3,PayPal,Failed
707,609,1607.3,Bank Transfer,Failed
708,609,1607.3,Bank Transfer,Refunded
709,610,4449.5,Credit Card,Completed
710,611,281.05,Bank Transfer,Refunded
711,612,4487.46,Credit Card,Refunded
712,613,5896.03,Cash on Delivery,Pending
713,614,3092.24,PayPal,Completed
714,615,3801.29,Credit Card,Completed
715,616,1620.45,Bank Transfer,Completed
716,617,4085.71,PayPal,Pending
717,618,2815.97,Credit Card,Completed
718,619,6983.12,Debit Card,Completed
719,620,6513.32,PayPal,Failed
720,620,6513.32,Cash on Delivery,Failed
721,620,6513.32,Credit Card,Pending
722,621,1810.9,Bank Transfer,Completed
723,622,1451.9,PayPal,Completed
724,623,1143.27,Cash on Delivery,Completed
725,624,6711.1,Credit Card,Completed
726,625,648.75,Debit Card,Pending
727,626,578.59,Bank Transfer,Refunded
728,627,1921.56,PayPal,Failed
729,627,1921.56,Bank Transfer,Pending
730,628,2255.34,Cash on Delivery,Refunded
731,629,1778.86,PayPal,Pending
732,630,3601.77,PayPal,Pending
733,631,5641.11,Debit Card,Completed
734,632,1985.53,Bank Transfer,Pending
735,633,47.4,Cash on Delivery,Completed
736,634,16633.31,Debit Card,Refunded
737,635,5122.66,Debit Card,Pending
738,636,4730.5,PayPal,Pending
739,637,3922.86,Bank Transfer,Completed
740,638,3452.65,Cash on Delivery,Completed
741,639,7779.24,Bank Transfer,Completed
742,640,1164.08,PayPal,Completed
743,641,2379.11,Credit Card,Refunded
744,642,449.92,PayPal,Completed
745,643,4148.13,Debit Card,Completed
746,644,7337.19,Credit Card,Refunded
747,645,6826.2,PayPal,Refunded
748,646,7878.67,Bank Transfer,Refunded
749,647,2496.53,Cash on Delivery,Completed
750,648,2410.63,Cash on Delivery,Refunded
751,649,1914.71,Debit Card,Completed
752,650,861.55,Debit Card,Completed
753,651,2660.74,Debit Card,Pending
754,652,606.92,Cash on Delivery,Refunded
755,653,7944.6,Bank Transfer,Pending
756,654,4096.15,Cash on Delivery,Pending
757,655,7129.4,Bank Transfer,Completed
758,656,3982.62,Cash on Delivery,Failed
759,656,3982.62,Debit Card,Failed
760,656,3982.62,PayPal,Refunded
761,657,10473.7,Debit Card,Completed
762,658,4697.47,Credit Card,Pending
763,659,9305.27,Credit Card,Completed
764,660,6239.65,PayPal,Completed
765,661,11799.5,PayPal,Completed
766,662,9253.01,PayPal,Pending
767,663,4609.34,Credit Card,Completed
768,664,3369.82,Credit Card,Failed
769,664,3369.82,Credit Card,Failed
770,664,3369.82,Debit Card,Completed
771,665,4504.44,PayPal,Refunded
772,666,8955.12,Debit Card,Refunded
773,667,222.42,PayPal,Completed
774,668,1306.83,Debit Card,Completed
775,669,1264.46,Cash on Delivery,Pending
776,670,1867.68,Bank Transfer,Completed
777,671,7708.95,Debit Card,Refunded
778,672,1385.84,Cash on Delivery,Completed
779,673,3659.41,Bank Transfer,Completed
780,674,6276.28,PayPal,Completed
781,675,694.72,Cash on Delivery,Failed
782,675,694.72,Bank Transfer,Failed
783,675,694.72,Bank Transfer,Refunded
784,676,1405.64,Credit Card,Failed
785,676,1405.64,Credit Card,Pending
786,677,3444.62,PayPal,Completed
787,678,1947.96,PayPal,Refunded
788,679,5357.89,Cash on Delivery,Completed
789,680,2568.42,Debit Card,Refunded
790,681,7155.08,Credit Card,Completed
791,682,6904.29,Bank Transfer,Completed
792,683,8973.0,Cash on Delivery,Completed
793,684,6834.25,PayPal,Refunded
794,685,5873.78,Credit Card,Completed
795,686,1285.1,Bank Transfer,Refunded
796,687,3977.06,Credit Card,Completed
797,688,3441.72,PayPal,Completed
798,689,2147.39,Credit Card,Completed
799,690,3897.1,Cash on Delivery,Completed
800,691,5260.73,Credit Card,Completed
801,692,1454.8,Bank Transfer,Pending
802,693,346.17,PayPal,Refunded
803,694,3378.11,Bank Transfer,Completed
804,695,3864.32,Debit Card,Pending
805,696,10712.55,Bank Transfer,Refunded
806,697,2920.57,Credit Card,Refunded
807,698,4306.43,PayPal,Completed
808,699,4699.12,PayPal,Completed
809,700,7923.99,PayPal,Completed
810,701,1366.35,Cash on Delivery,Completed
811,702,372.75,Debit Card,Completed
812,703,40.14,Credit Card,Failed
813,703,40.14,Cash on Delivery,Failed
814,703,40.14,Credit Card,Completed
815,704,1559.95,Debit Card,Completed
816,705,6431.89,Cash on Delivery,Completed
817,706,5394.79,Debit Card,Failed
818,706,5394.79,PayPal,Failed
819,706,5394.79,Bank Transfer,Completed
820,707,1276.97,Debit Card,Pending
821,708,5265.36,Bank Transfer,Completed
822,709,3865.21,Debit Card,Completed
823,710,11108.67,Bank Transfer,Completed
824,711,613.2,Bank Transfer,Pending
825,712,9557.28,Cash on Delivery,Pending
826,713,2324.0,Cash on Delivery,Completed
827,714,1864.08,PayPal,Refunded
828,715,1226.55,Debit Card,Pending
829,716,2774.58,Bank Transfer,Pending
830,717,4806.01,PayPal,Completed
831,718,3838.05,Cash on Delivery,Completed
832,719,770.84,Credit Card,Pending
833,720,4483.55,PayPal,Pending
834,721,8414.99,PayPal,Pending
835,722,2534.97,Cash on Delivery,Completed
836,723,2543.71,Bank Transfer,Completed
837,724,9425.57,Cash on Delivery,Pending
838,725,10053.36,Cash on Delivery,Completed
839,726,2579.44,Cash on Delivery,Completed
840,727,4350.13,Credit Card,Completed
841,728,4595.03,Bank Transfer,Pending
842,729,2292.45,PayPal,Pending
843,730,9964.87,Bank Transfer,Pending
844,731,3169.22,Debit Card,Failed
845,731,3169.22,Cash on Delivery,Failed
846,731,3169.22,Cash on Delivery,Completed
847,732,5174.94,Credit Card,Completed
848,733,7201.98,PayPal,Completed
849,734,11084.98,Credit Card,Completed
850,735,143.64,Debit Card,Completed
851,736,2614.32,Cash on Delivery,Refunded
852,737,1594.52,Bank Transfer,Completed
853,738,1599.18,PayPal,Pending
854,739,6698.15,Debit Card,Completed
855,740,1046.03,Credit Card,Completed
856,741,3202.28,Bank Transfer,Completed
857,742,1718.03,Debit Card,Completed
858,743,4698.95,PayPal,Completed
859,744,8840.08,Debit Card,Completed
860,745,1654.3,Bank Transfer,Completed
861,746,7348.35,Cash on Delivery,Completed
862,747,6269.04,Cash on Delivery,Pending
863,748,2066.83,PayPal,Pending
864,749,4635.09,Credit Card,Failed
865,749,4635.09,Cash on Delivery,Failed
866,749,4635.09,Credit Card,Completed
867,750,5287.56,Debit Card,Pending
868,751,11381.39,Credit Card,Completed
869,752,5869.87,Credit Card,Refunded
870,753,5550.24,Debit Card,Pending
871,754,1732.96,Cash on Delivery,Failed
872,754,1732.96,Debit Card,Completed
873,755,1840.6,PayPal,Failed
874,755,1840.6,Credit Card,Pending
875,756,5263.12,Bank Transfer,Failed
876,756,5263.12,Debit Card,Failed
877,756,5263.12,Credit Card,Completed
878,757,2779.26,PayPal,Completed
879,758,8193.49,PayPal,Pending
880,759,6835.53,PayPal,Failed
881,759,6835.53,Debit Card,Failed
882,759,6835.53,PayPal,Refunded
883,760,7365.14,Cash on Delivery,Completed
884,761,389.71,Credit Card,Completed
885,762,523.69,Bank Transfer,Completed
886,763,2915.21,PayPal,Refunded
887,764,12145.7,Cash on Delivery,Completed
888,765,5231.71,Credit Card,Pending
889,766,5663.62,Credit Card,Completed
890,767,3181.83,Cash on Delivery,Refunded
891,768,6176.16,Bank Transfer,Refunded
892,769,1838.76,Cash on Delivery,Completed
893,770,4509.38,Debit Card,Completed
894,771,9995.97,Debit Card,Refunded
895,772,4731.84,Cash on Delivery,Pending
896,773,2465.97,PayPal,Completed
897,774,2717.85,Bank Transfer,Refunded
898,775,4975.95,Debit Card,Completed
899,776,2239.85,Cash on Delivery,Completed
900,777,1388.3,Cash on Delivery,Refunded
901,778,10714.82,Credit Card,Failed
902,778,10714.82,Bank Transfer,Refunded
903,779,9208.67,Bank Transfer,Completed
904,780,1189.75,Bank Transfer,Completed
905,781,1363.64,Bank Transfer,Completed
906,782,2623.4,Debit Card,Completed
907,783,9981.47,Debit Card,Completed
908,784,5700.47,Cash on Delivery,Completed
909,785,2697.96,Cash on Delivery,Pending
910,786,9718.54,Debit Card,Completed
911,787,5695.34,Debit Card,Refunded
912,788,4134.49,Bank Transfer,Pending
913,789,6808.83,Bank Transfer,Failed
914,789,6808.83,PayPal,Failed
915,789,6808.83,Cash on Delivery,Completed
916,790,5731.72,Credit Card,Completed
917,791,7377.99,Cash on Delivery,Completed
918,792,1486.64,Bank Transfer,Completed
919,793,406.96,Cash on Delivery,Completed
920,794,5279.25,Debit Card,Pending
921,795,2570.7,Cash on Delivery,Completed
922,796,2492.45,Bank Transfer,Completed
923,797,2468.72,Bank Transfer,Pending
924,798,5641.98,Credit Card,Refunded
925,799,11.3,Credit Card,Pending
926,800,3916.02,Debit Card,Completed
927,801,4987.42,Credit Card,Completed
928,802,5478.04,Bank Transfer,Completed
929,803,7942.63,Credit Card,Refunded
930,804,2169.99,Cash on Delivery,Completed
931,805,9458.55,Bank Transfer,Completed
932,806,2901.85,Credit Card,Pending
933,807,6710.07,Cash on Delivery,Completed
934,808,2237.46,Credit Card,Pending
935,809,2701.68,PayPal,Completed
936,810,1315.8,Bank Transfer,Completed
937,811,6412.82,Bank Transfer,Completed
938,812,3339.94,Bank Transfer,Refunded
939,813,3645.95,Cash on Delivery,Pending
940,814,6651.63,Bank Transfer,Completed
941,815,6535.72,Bank Transfer,Completed
942,816,2241.21,Bank Transfer,Completed
943,817,1036.23,Bank Transfer,Completed
944,818,5368.6,Bank Transfer,Completed
945,819,5638.35,Cash on Delivery,Refunded
946,820,7417.9,Credit Card,Refunded
947,821,661.18,PayPal,Completed
948,822,6784.81,Credit Card,Completed
949,823,1778.94,Cash on Delivery,Refunded
950,824,581.06,Debit Card,Refunded
951,825,3617.29,Credit Card,Completed
952,826,3688.96,Credit Card,Completed
953,827,5312.37,Cash on Delivery,Pending
954,828,3196.46,Credit Card,Failed
955,828,3196.46,PayPal,Completed
956,829,1269.8,Bank Transfer,Refunded
957,830,7293.21,PayPal,Completed
958,831,2838.3,Bank Transfer,Completed
959,832,7163.72,Bank Transfer,Refunded
960,833,4033.77,Cash on Delivery,Pending
961,834,2576.07,Cash on Delivery,Refunded
962,835,4519.92,Bank Transfer,Completed
963,836,5077.77,Bank Transfer,Completed
964,837,2812.17,Cash on Delivery,Refunded
965,838,2755.11,PayPal,Refunded
966,839,667.2,Credit Card,Completed
967,840,3477.27,Debit Card,Completed
968,841,2514.1,Credit Card,Refunded
969,842,7761.62,Cash on Delivery,Completed
970,843,4455.57,PayPal,Completed
971,844,6825.74,Bank Transfer,Completed
972,845,6058.82,Bank Transfer,Refunded
973,846,399.03,Debit Card,Completed
974,847,2553.33,Credit Card,Completed
975,848,2682.25,Cash on Delivery,Failed
976,848,2682.25,Cash on Delivery,Failed
977,848,2682.25,Cash on Delivery,Completed
978,849,324.75,Cash on Delivery,Pending
979,850,4009.97,Bank Transfer,Refunded
980,851,2113.3,Debit Card,Refunded
981,852,7186.16,Credit Card,Refunded
982,853,582.64,Bank Transfer,Pending
983,854,6341.76,PayPal,Pending
984,855,1646.8,Debit Card,Completed
985,856,2333.63,Credit Card,Pending
986,857,3613.65,Credit Card,Completed
987,858,3427.65,Bank Transfer,Completed
988,859,1245.26,Credit Card,Refunded
989,860,1239.56,PayPal,Pending
990,861,2781.56,PayPal,Completed
991,862,3535.13,Credit Card,Completed
992,863,984.03,Debit Card,Completed
993,864,2350.33,Debit Card,Failed
994,864,2350.33,Credit Card,Failed
995,864,2350.33,Credit Card,Refunded
996,865,645.83,Cash on Delivery,Refunded
997,866,165.52,Bank Transfer,Completed
998,867,1206.39,Bank Transfer,Completed
999,868,6273.4,Credit Card,Pending
1000,869,58.55,Debit Card,Refunded
1001,870,1718.75,Credit Card,Completed
1002,871,2049.53,Bank Transfer,Completed
1003,872,3461.84,Credit Card,Refunded
1004,873,3417.66,Credit Card,Pending
1005,874,7524.61,Credit Card,Completed
1006,875,2703.8,Cash on Delivery,Completed
1007,876,6318.63,Credit Card,Pending
1008,877,6293.1,Bank Transfer,Refunded
1009,878,3539.8,Debit Card,Completed
1010,879,6666.75,Cash on Delivery,Completed
1011,880,523.69,PayPal,Completed
1012,881,336.04,PayPal,Completed
1013,882,5844.95,PayPal,Refunded
1014,883,134.69,PayPal,Completed
1015,884,7805.65,Bank Transfer,Failed
1016,884,7805.65,PayPal,Failed
1017,884,7805.65,Cash on Delivery,Completed
1018,885,5303.95,Debit Card,Pending
1019,886,1227.57,PayPal,Failed
1020,886,1227.57,Debit Card,Pending
1021,887,4817.02,Credit Card,Completed
1022,888,4698.32,Bank Transfer,Refunded
1023,889,1810.83,Credit Card,Completed
1024,890,5903.55,PayPal,Completed
1025,891,6681.06,Credit Card,Completed
1026,892,1105.44,Bank Transfer,Completed
1027,893,5800.01,Debit Card,Refunded
1028,894,1924.64,Debit Card,Completed
1029,895,3178.04,Cash on Delivery,Refunded
1030,896,5232.02,Credit Card,Pending
1031,897,9195.02,Bank Transfer,Failed
1032,897,9195.02,Debit Card,Failed
1033,897,9195.02,Cash on Delivery,Pending
1034,898,1757.66,Bank Transfer,Completed
1035,899,3073.2,PayPal,Pending
1036,900,4519.25,Debit Card,Completed
1037,901,77.68,Credit Card,Failed
1038,901,77.68,Credit Card,Failed
1039,901,77.68,Credit Card,Completed
1040,902,8366.67,Debit Card,Completed
1041,903,12850.58,PayPal,Failed
1042,903,12850.58,Cash on Delivery,Failed
1043,903,12850.58,PayPal,Pending
1044,904,8358.23,Cash on Delivery,Completed
1045,905,3140.21,Credit Card,Refunded
1046,906,8011.23,Credit Card,Refunded
1047,907,6104.96,Bank Transfer,Completed
1048,908,8407.44,PayPal,Completed
1049,909,128.36,Debit Card,Completed
1050,910,4975.12,Cash on Delivery,Refunded
1051,911,7295.86,Debit Card,Refunded
1052,912,6924.36,Credit Card,Pending
1053,913,3160.05,PayPal,Completed
1054,914,5940.09,Debit Card,Completed
1055,915,7368.78,Cash on Delivery,Completed
1056,916,562.4,Debit Card,Failed
1057,916,562.4,Bank Transfer,Completed
1058,917,989.64,Credit Card,Failed
1059,917,989.64,Bank Transfer,Failed
1060,917,989.64,Credit Card,Completed
1061,918,3763.34,Debit Card,Completed
1062,919,5828.45,Debit Card,Completed
1063,920,2188.68,Cash on Delivery,Pending
1064,921,10936.41,Credit Card,Refunded
1065,922,7078.3,Debit Card,Refunded
1066,923,3277.72,PayPal,Completed
1067,924,10006.25,Credit Card,Completed
1068,925,3497.52,PayPal,Completed
1069,926,3493.68,Cash on Delivery,Refunded
1070,927,389.65,Credit Card,Completed
1071,928,216.72,Cash on Delivery,Completed
1072,929,7837.12,Cash on Delivery,Failed
1073,929,7837.12,Bank Transfer,Completed
1074,930,8431.98,Bank Transfer,Pending
1075,931,3931.82,Debit Card,Completed
1076,932,6109.95,Debit Card,Completed
1077,933,6447.55,Debit Card,Completed
1078,934,2233.39,Debit Card,Completed
1079,935,4730.61,Credit Card,Pending
1080,936,8629.29,Credit Card,Pending
1081,937,5707.84,Cash on Delivery,Pending
1082,938,457.04,Credit Card,Completed
1083,939,7045.15,Bank Transfer,Completed
1084,940,7819.5,Bank Transfer,Completed
1085,941,3540.68,Debit Card,Failed
1086,941,3540.68,Credit Card,Failed
1087,941,3540.68,Credit Card,Pending
1088,942,8456.45,PayPal,Completed
1089,943,7074.88,Debit Card,Completed
1090,944,6140.88,PayPal,Pending
1091,945,7040.43,Cash on Delivery,Completed
1092,946,6413.49,Cash on Delivery,Completed
1093,947,3617.02,Bank Transfer,Completed
1094,948,6079.93,PayPal,Completed
1095,949,9606.06,Bank Transfer,Completed
1096,950,4663.09,Bank Transfer,Completed
1097,951,2629.78,Debit Card,Completed
1098,952,6189.59,Debit Card,Pending
1099,953,7683.38,Cash on Delivery,Failed
1100,953,7683.38,PayPal,Pending
1101,954,2917.62,Debit Card,Completed
1102,955,2893.35,Cash on Delivery,Completed
1103,956,654.45,Credit Card,Failed
1104,956,654.45,Cash on Delivery,Completed
1105,957,3420.21,Credit Card,Pending
1106,958,8690.83,PayPal,Refunded
1107,959,1984.48,Bank Transfer,Completed
1108,960,5161.4,PayPal,Completed
1109,961,8401.83,Credit Card,Pending
1110,962,7979.47,Cash on Delivery,Completed
1111,963,8124.4,Bank Transfer,Completed
1112,964,7639.52,Cash on Delivery,Pending
1113,965,8791.1,PayPal,Completed
1114,966,8008.26,Bank Transfer,Pending
1115,967,8305.16,PayPal,Pending
1116,968,4674.0,Bank Transfer,Pending
1117,969,7572.66,Cash on Delivery,Completed
1118,970,4428.35,Bank Transfer,Completed
1119,971,1912.7,Bank Transfer,Completed
1120,972,2865.02,Cash on Delivery,Refunded
1121,973,2018.29,Debit Card,Failed
1122,973,2018.29,PayPal,Failed
1123,973,2018.29,Credit Card,Refunded
1124,974,7359.49,Bank Transfer,Pending
1125,975,9079.34,Debit Card,Failed
1126,975,9079.34,Cash on Delivery,Failed
1127,975,9079.34,Bank Transfer,Completed
1128,976,2081.96,Debit Card,Completed
1129,977,1636.76,PayPal,Completed
1130,978,6461.18,Cash on Delivery,Completed
1131,979,6254.35,Cash on Delivery,Refunded
1132,980,4177.8,Credit Card,Completed
1133,981,3933.75,Credit Card,Failed
1134,981,3933.75,Credit Card,Failed
1135,981,3933.75,Credit Card,Completed
1136,982,954.47,Debit Card,Completed
1137,983,6651.74,Bank Transfer,Pending
1138,984,7176.0,Debit Card,Completed
1139,985,3149.78,Bank Transfer,Pending
1140,986,3664.95,Debit Card,Completed
1141,987,8170.65,Bank Transfer,Completed
1142,988,4288.8,Debit Card,Refunded
1143,989,3903.06,Bank Transfer,Refunded
1144,990,11418.24,Credit Card,Refunded
1145,991,6206.1,Credit Card,Completed
1146,992,1836.05,Debit Card,Completed
1147,993,910.04,PayPal,Completed
1148,994,7749.9,Debit Card,Failed
1149,994,7749.9,Debit Card,Failed
1150,994,7749.9,PayPal,Completed
1151,995,4990.34,Debit Card,Refunded
1152,996,4802.55,Cash on Delivery,Completed
1153,997,15125.56,Cash on Delivery,Completed
1154,998,4650.77,Cash on Delivery,Refunded
1155,999,5225.5,Credit Card,Completed
1156,1000,5322.21,Cash on Delivery,Pending
1157,1001,1451.93,Debit Card,Completed
1158,1002,6433.8,Cash on Delivery,Completed
1159,1003,946.1,Bank Transfer,Failed
1160,1003,946.1,Bank Transfer,Failed
1161,1003,946.1,PayPal,Completed
1162,1004,3545.57,Bank Transfer,Pending
1163,1005,6037.06,PayPal,Completed
1164,1006,1458.16,Credit Card,Pending
1165,1007,4241.58,Bank Transfer,Refunded
1166,1008,2081.56,PayPal,Refunded
1167,1009,245.4,Bank Transfer,Refunded
1168,1010,5249.94,Debit Card,Completed
1169,1011,6058.1,PayPal,Completed
1170,1012,1916.97,Credit Card,Completed
1171,1013,8403.59,Credit Card,Pending
1172,1014,4364.18,Bank Transfer,Completed
1173,1015,2003.55,Bank Transfer,Completed
1174,1016,1930.21,Debit Card,Completed
1175,1017,2502.21,Credit Card,Refunded
1176,1018,8972.28,Cash on Delivery,Completed
1177,1019,6903.47,Bank Transfer,Completed
1178,1020,11548.01,PayPal,Refunded
1179,1021,2989.88,Cash on Delivery,Completed
1180,1022,2873.83,Debit Card,Completed
1181,1023,4807.5,Cash on Delivery,Completed
1182,1024,3724.53,Debit Card,Completed
1183,1025,1425.34,Bank Transfer,Completed
1184,1026,7823.6,Debit Card,Completed
1185,1027,4442.97,Debit Card,Completed
1186,1028,2945.67,Bank Transfer,Pending
1187,1029,5693.62,Cash on Delivery,Completed
1188,1030,7133.39,Bank Transfer,Completed
1189,1031,8851.97,Cash on Delivery,Completed
1190,1032,2389.11,Cash on Delivery,Pending
1191,1033,7217.67,Credit Card,Completed
1192,1034,3125.64,Debit Card,Completed
1193,1035,8606.89,PayPal,Completed
1194,1036,5727.61,PayPal,Completed
1195,1037,460.02,Debit Card,Pending
1196,1038,12974.43,Cash on Delivery,Completed
1197,1039,7086.15,Credit Card,Refunded
1198,1040,3653.29,Cash on Delivery,Completed
1199,1041,5754.56,Debit Card,Refunded
1200,1042,1956.14,Debit Card,Refunded
1201,1043,934.93,Debit Card,Refunded
1202,1044,5403.45,PayPal,Completed
1203,1045,3723.0,Bank Transfer,Completed
1204,1046,7114.56,PayPal,Completed
1205,1047,13179.3,PayPal,Completed
1206,1048,1530.43,Debit Card,Completed
1207,1049,1404.6,Cash on Delivery,Pending
1208,1050,6310.75,PayPal,Failed
1209,1050,6310.75,Debit Card,Completed
1210,1051,6334.63,Cash on Delivery,Completed
1211,1052,262.89,Bank Transfer,Completed
1212,1053,1727.48,Debit Card,Completed
1213,1054,1263.18,PayPal,Completed
1214,1055,3956.84,Cash on Delivery,Failed
1215,1055,3956.84,Cash on Delivery,Refunded
1216,1056,7493.96,Bank Transfer,Pending
1217,1057,9627.37,Credit Card,Completed
1218,1058,1021.9,Debit Card,Completed
1219,1059,554.36,Credit Card,Completed
1220,1060,7468.21,Cash on Delivery,Completed
1221,1061,1749.92,Cash on Delivery,Refunded
1222,1062,13464.95,Credit Card,Pending
1223,1063,4600.03,Debit Card,Completed
1224,1064,3365.96,Cash on Delivery,Completed
1225,1065,10775.87,Credit Card,Pending
1226,1066,9773.93,Bank Transfer,Pending
1227,1067,1767.68,Credit Card,Refunded
1228,1068,12014.9,Credit Card,Refunded
1229,1069,4163.3,Cash on Delivery,Completed
1230,1070,3706.98,Cash on Delivery,Completed
1231,1071,6506.54,Cash on Delivery,Completed
1232,1072,4536.82,Bank Transfer,Completed
1233,1073,2747.79,PayPal,Completed
1234,1074,3794.93,Credit Card,Pending
1235,1075,8409.11,Bank Transfer,Pending
1236,1076,6051.13,Bank Transfer,Refunded
1237,1077,5477.79,Cash on Delivery,Refunded
1238,1078,9344.13,Cash on Delivery,Pending
1239,1079,7074.9,Bank Transfer,Completed
1240,1080,3238.9,Debit Card,Completed
1241,1081,3857.5,Credit Card,Completed
1242,1082,7453.98,Bank Transfer,Completed
1243,1083,1475.4,PayPal,Refunded
1244,1084,955.07,Bank Transfer,Failed
1245,1084,955.07,Bank Transfer,Completed
1246,1085,2002.64,Credit Card,Refunded
1247,1086,2472.12,Credit Card,Refunded
1248,1087,531.08,Bank Transfer,Pending
1249,1088,8474.5,Debit Card,Refunded
1250,1089,11880.3,Cash on Delivery,Pending
1251,1090,1801.84,PayPal,Pending
1252,1091,4831.1,Debit Card,Completed
1253,1092,11986.54,PayPal,Completed
1254,1093,6509.23,Debit Card,Completed
1255,1094,5366.43,Credit Card,Pending
1256,1095,4299.57,PayPal,Completed
1257,1096,4697.51,Bank Transfer,Completed
1258,1097,5407.84,Debit Card,Pending
1259,1098,4345.84,PayPal,Completed
1260,1099,2147.2,Bank Transfer,Pending
1261,1100,2913.18,Credit Card,Refunded
1262,1101,6866.7,PayPal,Completed
1263,1102,516.93,Debit Card,Refunded
1264,1103,6335.32,Credit Card,Pending
1265,1104,7518.76,PayPal,Pending
1266,1105,3143.08,Debit Card,Completed
1267,1106,2366.4,Cash on Delivery,Refunded
1268,1107,2441.06,Debit Card,Pending
1269,1108,78.0,Credit Card,Completed
1270,1109,6239.21,Bank Transfer,Completed
1271,1110,5179.07,Bank Transfer,Refunded
1272,1111,5470.11,Credit Card,Completed
1273,1112,2884.26,Debit Card,Refunded
1274,1113,5973.21,PayPal,Completed
1275,1114,3644.03,Bank Transfer,Pending
1276,1115,2261.76,Debit Card,Completed
1277,1116,7270.31,PayPal,Completed
1278,1117,6944.83,Debit Card,Pending
1279,1118,5383.15,PayPal,Pending
1280,1119,1997.87,Cash on Delivery,Pending
1281,1120,5778.75,Debit Card,Pending
1282,1121,4739.27,Debit Card,Refunded
1283,1122,6077.2,Bank Transfer,Refunded
1284,1123,4478.93,Bank Transfer,Completed
1285,1124,117.0,Debit Card,Pending
1286,1125,2809.75,PayPal,Completed
1287,1126,9167.05,Debit Card,Completed
1288,1127,1165.51,Cash on Delivery,Completed
1289,1128,3451.23,Cash on Delivery,Pending
1290,1129,1904.5,Bank Transfer,Completed
1291,1130,4302.95,Credit Card,Completed
1292,1131,5206.12,Bank Transfer,Refunded
1293,1132,8830.04,PayPal,Completed
1294,1133,6250.64,Cash on Delivery,Refunded
1295,1134,1592.12,Cash on Delivery,Completed
1296,1135,6929.25,PayPal,Completed
1297,1136,794.59,PayPal,Refunded
1298,1137,6594.25,Credit Card,Failed
1299,1137,6594.25,PayPal,Completed
1300,1138,1973.76,Cash on Delivery,Completed
1301,1139,6281.3,Credit Card,Completed
1302,1140,4441.93,Credit Card,Failed
1303,1140,4441.93,PayPal,Failed
1304,1140,4441.93,Debit Card,Pending
1305,1141,3323.39,Credit Card,Completed
1306,1142,3673.2,Credit Card,Refunded
1307,1143,10209.24,Debit Card,Completed
1308,1144,4451.47,Cash on Delivery,Completed
1309,1145,4014.9,PayPal,Pending
1310,1146,5038.28,Debit Card,Failed
1311,1146,5038.28,Bank Transfer,Failed
1312,1146,5038.28,PayPal,Completed
1313,1147,3925.7,Bank Transfer,Completed
1314,1148,2808.5,Cash on Delivery,Completed
1315,1149,955.79,PayPal,Pending
1316,1150,1596.12,Bank Transfer,Completed
1317,1151,6101.33,PayPal,Completed
1318,1152,4449.45,Cash on Delivery,Completed
1319,1153,13304.13,Credit Card,Completed
1320,1154,3973.5,PayPal,Completed
1321,1155,129.98,Bank Transfer,Completed
1322,1156,1437.62,Cash on Delivery,Refunded
1323,1157,1759.65,Cash on Delivery,Completed
1324,1158,740.87,PayPal,Completed
1325,1159,4614.18,PayPal,Completed
1326,1160,2820.88,Cash on Delivery,Failed
1327,1160,2820.88,PayPal,Completed
1328,1161,1056.02,Credit Card,Refunded
1329,1162,6064.06,Debit Card,Failed
1330,1162,6064.06,Credit Card,Completed
1331,1163,3403.11,PayPal,Refunded
1332,1164,3437.68,Bank Transfer,Pending
1333,1165,2177.28,Cash on Delivery,Pending
1334,1166,2406.72,Cash on Delivery,Completed
1335,1167,151.0,Bank Transfer,Refunded
1336,1168,818.66,Bank Transfer,Completed
1337,1169,3868.26,Credit Card,Pending
1338,1170,4389.44,Cash on Delivery,Failed
1339,1170,4389.44,Bank Transfer,Pending
1340,1171,7230.61,PayPal,Completed
1341,1172,2888.47,Debit Card,Refunded
1342,1173,7003.44,Credit Card,Pending
1343,1174,2555.25,Cash on Delivery,Completed
1344,1175,9979.4,Bank Transfer,Refunded
1345,1176,1549.5,Cash on Delivery,Completed
1346,1177,2133.97,PayPal,Refunded
1347,1178,3375.53,Cash on Delivery,Pending
1348,1179,3470.22,Bank Transfer,Completed
1349,1180,7099.91,Debit Card,Completed
1350,1181,789.86,Debit Card,Completed
1351,1182,7448.06,PayPal,Completed
1352,1183,4916.15,PayPal,Completed
1353,1184,6073.98,PayPal,Pending
1354,1185,5535.63,Debit Card,Completed
1355,1186,8556.48,Bank Transfer,Refunded
1356,1187,4951.08,Bank Transfer,Pending
1357,1188,2074.71,Bank Transfer,Completed
1358,1189,5066.28,Cash on Delivery,Completed
1359,1190,989.64,Bank Transfer,Completed
1360,1191,831.81,Debit Card,Completed
1361,1192,8789.36,Cash on Delivery,Completed
1362,1193,12076.64,Credit Card,Pending
1363,1194,3619.4,PayPal,Completed
1364,1195,12111.57,Bank Transfer,Completed
1365,1196,4773.72,PayPal,Completed
1366,1197,703.37,PayPal,Completed
1367,1198,7054.05,Bank Transfer,Refunded
1368,1199,4139.84,Credit Card,Failed
1369,1199,4139.84,Credit Card,Completed
1370,1200,1964.18,Bank Transfer,Failed
1371,1200,1964.18,Cash on Delivery,Failed
1372,1200,1964.18,PayPal,Completed
1373,1201,16085.01,Debit Card,Completed
1374,1202,1385.12,Cash on Delivery,Refunded
1375,1203,10074.35,Credit Card,Completed
1376,1204,2500.03,Cash on Delivery,Pending
1377,1205,4808.96,PayPal,Completed
1378,1206,2125.14,Bank Transfer,Pending
1379,1207,2856.75,Bank Transfer,Completed
1380,1208,6401.73,Cash on Delivery,Completed
1381,1209,7914.31,PayPal,Pending
1382,1210,4150.88,Cash on Delivery,Refunded
1383,1211,7371.7,Bank Transfer,Completed
1384,1212,1019.89,Cash on Delivery,Refunded
1385,1213,1940.5,PayPal,Completed
1386,1214,5683.7,PayPal,Completed
1387,1215,7563.34,Credit Card,Pending
1388,1216,1460.87,Credit Card,Pending
1389,1217,2441.68,PayPal,Pending
1390,1218,57.69,Debit Card,Refunded
1391,1219,6780.71,PayPal,Completed
1392,1220,1511.0,Credit Card,Completed
1393,1221,981.25,Credit Card,Refunded
1394,1222,2729.83,Bank Transfer,Refunded
1395,1223,1202.06,Credit Card,Completed
1396,1224,5610.71,Debit Card,Pending
1397,1225,5655.13,Cash on Delivery,Completed
1398,1226,607.87,Cash on Delivery,Refunded
1399,1227,5836.07,Cash on Delivery,Completed
1400,1228,2250.78,Credit Card,Pending
1401,1229,7704.51,Cash on Delivery,Pending
1402,1230,3508.3,PayPal,Refunded
1403,1231,2611.56,PayPal,Completed
1404,1232,1868.29,Cash on Delivery,Pending
1405,1233,2548.52,Credit Card,Refunded
1406,1234,4218.76,Debit Card,Completed
1407,1235,7016.22,PayPal,Completed
1408,1236,4970.13,PayPal,Completed
1409,1237,3459.04,PayPal,Refunded
1410,1238,7682.32,Bank Transfer,Pending
1411,1239,465.3,Credit Card,Pending
1412,1240,10745.67,Credit Card,Refunded
1413,1241,1685.92,PayPal,Refunded
1414,1242,2519.14,Debit Card,Completed
1415,1243,1728.09,PayPal,Refunded
1416,1244,1851.96,PayPal,Refunded
1417,1245,2709.67,Bank Transfer,Completed
1418,1246,2865.24,Debit Card,Completed
1419,1247,3665.32,Bank Transfer,Failed
1420,1247,3665.32,Bank Transfer,Pending
1421,1248,5006.47,Cash on Delivery,Completed
1422,1249,505.28,Debit Card,Refunded
1423,1250,3143.02,Debit Card,Failed
1424,1250,3143.02,Cash on Delivery,Pending
1425,1251,6056.71,Cash on Delivery,Completed
1426,1252,1843.45,Bank Transfer,Completed
1427,1253,798.39,PayPal,Pending
1428,1254,10797.84,Bank Transfer,Completed
1429,1255,6324.54,Cash on Delivery,Refunded
1430,1256,5118.1,Credit Card,Completed
1431,1257,4269.23,Bank Transfer,Pending
1432,1258,3821.6,PayPal,Refunded
1433,1259,469.04,Credit Card,Completed
1434,1260,156.0,Cash on Delivery,Pending
1435,1261,120.88,Debit Card,Refunded
1436,1262,3504.8,Cash on Delivery,Completed
1437,1263,727.4,Credit Card,Pending
1438,1264,7567.48,Debit Card,Completed
1439,1265,2025.46,Credit Card,Refunded
1440,1266,6464.95,Debit Card,Completed
1441,1267,4868.85,PayPal,Pending
1442,1268,3441.91,Bank Transfer,Completed
1443,1269,4952.3,PayPal,Completed
1444,1270,7947.75,Cash on Delivery,Refunded
1445,1271,7624.53,Bank Transfer,Completed
1446,1272,431.69,Debit Card,Failed
1447,1272,431.69,Bank Transfer,Pending
1448,1273,3923.73,Debit Card,Failed
1449,1273,3923.73,Credit Card,Failed
1450,1273,3923.73,Debit Card,Completed
1451,1274,1062.24,Credit Card,Completed
1452,1275,5863.34,Debit Card,Failed
1453,1275,5863.34,Cash on Delivery,Completed
1454,1276,4778.19,Debit Card,Completed
1455,1277,6146.29,Cash on Delivery,Completed
1456,1278,5627.27,Bank Transfer,Completed
1457,1279,4000.97,PayPal,Refunded
1458,1280,877.66,Bank Transfer,Completed
1459,1281,4092.6,Cash on Delivery,Pending
1460,1282,7775.3,Credit Card,Completed
1461,1283,4980.65,Debit Card,Refunded
1462,1284,2197.76,PayPal,Completed
1463,1285,4736.61,Debit Card,Failed
1464,1285,4736.61,PayPal,Failed
1465,1285,4736.61,Cash on Delivery,Completed
1466,1286,5555.95,Credit Card,Completed
1467,1287,2197.95,Bank Transfer,Completed
1468,1288,7686.37,PayPal,Completed
1469,1289,4044.25,PayPal,Pending
1470,1290,2495.79,Cash on Delivery,Completed
1471,1291,752.02,Cash on Delivery,Completed
1472,1292,2134.65,Bank Transfer,Pending
1473,1293,3679.31,Debit Card,Refunded
1474,1294,1171.73,Cash on Delivery,Refunded
1475,1295,9354.17,Cash on Delivery,Refunded
1476,1296,478.08,Credit Card,Failed
1477,1296,478.08,Debit Card,Refunded
1478,1297,7477.9,Bank Transfer,Refunded
1479,1298,2858.7,Credit Card,Refunded
1480,1299,12002.73,PayPal,Refunded
1481,1300,5642.31,Cash on Delivery,Completed
1482,1301,1096.31,Bank Transfer,Pending
1483,1302,796.47,Credit Card,Completed
1484,1303,2094.93,Cash on Delivery,Pending
1485,1304,2017.79,PayPal,Completed
1486,1305,3425.22,Bank Transfer,Pending
1487,1306,970.19,Cash on Delivery,Completed
1488,1307,3488.44,Credit Card,Completed
1489,1308,1891.9,Bank Transfer,Failed
1490,1308,1891.9,PayPal,Refunded
1491,1309,4553.72,PayPal,Completed
1492,1310,585.71,PayPal,Pending
1493,1311,2905.82,Debit Card,Completed
1494,1312,6665.0,Cash on Delivery,Completed
1495,1313,7006.82,Cash on Delivery,Pending
1496,1314,5466.76,PayPal,Completed
1497,1315,6212.06,Debit Card,Completed
1498,1316,2755.62,Credit Card,Completed
1499,1317,218.81,PayPal,Refunded
1500,1318,3507.29,PayPal,Completed
1501,1319,10782.05,Cash on Delivery,Pending
1502,1320,2977.1,Bank Transfer,Completed
1503,1321,4723.7,Credit Card,Completed
1504,1322,3033.52,PayPal,Completed
1505,1323,3973.92,Credit Card,Completed
1506,1324,4755.09,Debit Card,Completed
1507,1325,1118.64,PayPal,Completed
1508,1326,7961.27,PayPal,Pending
1509,1327,7873.92,Credit Card,Completed
1510,1328,9312.74,PayPal,Completed
1511,1329,4915.27,PayPal,Completed
1512,1330,11812.47,Bank Transfer,Completed
1513,1331,5330.92,Cash on Delivery,Completed
1514,1332,10878.07,PayPal,Pending
1515,1333,583.03,Bank Transfer,Completed
1516,1334,11187.09,Credit Card,Pending
1517,1335,5645.35,Debit Card,Pending
1518,1336,6482.5,Bank Transfer,Refunded
1519,1337,10150.97,Debit Card,Pending
1520,1338,2761.1,Cash on Delivery,Completed
1521,1339,1071.48,Bank Transfer,Pending
1522,1340,3093.53,PayPal,Completed
1523,1341,5276.52,Bank Transfer,Completed
1524,1342,4753.01,Debit Card,Completed
1525,1343,10534.41,PayPal,Refunded
1526,1344,1169.13,PayPal,Pending
1527,1345,948.35,Debit Card,Completed
1528,1346,4813.8,Credit Card,Pending
1529,1347,838.7,Bank Transfer,Refunded
1530,1348,6615.08,Bank Transfer,Completed
1531,1349,3878.92,Debit Card,Completed
1532,1350,7427.49,Bank Transfer,Failed
1533,1350,7427.49,PayPal,Completed
1534,1351,5445.16,Bank Transfer,Completed
1535,1352,8301.71,Debit Card,Pending
1536,1353,5163.8,PayPal,Completed
1537,1354,12205.7,Debit Card,Completed
1538,1355,6700.65,Debit Card,Refunded
1539,1356,10710.93,Bank Transfer,Refunded
1540,1357,5205.88,PayPal,Completed
1541,1358,4992.95,Credit Card,Completed
1542,1359,8779.65,Debit Card,Completed
1543,1360,1038.68,Bank Transfer,Refunded
1544,1361,7435.12,Debit Card,Refunded
1545,1362,6052.28,PayPal,Refunded
1546,1363,3569.75,Cash on Delivery,Refunded
1547,1364,4205.88,Debit Card,Pending
1548,1365,4345.42,Bank Transfer,Pending
1549,1366,12476.8,Cash on Delivery,Pending
1550,1367,8191.88,Cash on Delivery,Completed
1551,1368,6255.97,Cash on Delivery,Completed
1552,1369,2754.84,Bank Transfer,Pending
1553,1370,4629.31,PayPal,Pending
1554,1371,4862.7,PayPal,Refunded
1555,1372,8741.85,PayPal,Refunded
1556,1373,9103.87,Cash on Delivery,Completed
1557,1374,6261.93,Debit Card,Failed
1558,1374,6261.93,PayPal,Failed
1559,1374,6261.93,Credit Card,Refunded
1560,1375,4934.42,Credit Card,Completed
1561,1376,3248.95,PayPal,Completed
1562,1377,1243.33,Credit Card,Completed
1563,1378,4280.98,PayPal,Refunded
1564,1379,932.92,Cash on Delivery,Completed
1565,1380,6952.03,Bank Transfer,Pending
1566,1381,451.48,Cash on Delivery,Refunded
1567,1382,2247.35,Cash on Delivery,Completed
1568,1383,1281.04,Bank Transfer,Refunded
1569,1384,3670.0,Cash on Delivery,Failed
1570,1384,3670.0,Debit Card,Completed
1571,1385,6840.3,Cash on Delivery,Completed
1572,1386,677.59,Debit Card,Completed
1573,1387,3959.0,PayPal,Refunded
1574,1388,1691.42,Credit Card,Completed
1575,1389,5668.11,Credit Card,Refunded
1576,1390,436.3,Credit Card,Pending
1577,1391,1844.88,Credit Card,Completed
1578,1392,828.23,Cash on Delivery,Completed
1579,1393,1056.95,Credit Card,Completed
1580,1394,4243.34,Cash on Delivery,Completed
1581,1395,4034.19,Cash on Delivery,Completed
1582,1396,3467.6,Debit Card,Refunded
1583,1397,1225.14,Cash on Delivery,Completed
1584,1398,3804.46,PayPal,Completed
1585,1399,12163.05,Bank Transfer,Completed
1586,1400,8458.76,Credit Card,Completed
1587,1401,203.6,Bank Transfer,Completed
1588,1402,7098.59,PayPal,Completed
1589,1403,4245.63,Cash on Delivery,Failed
1590,1403,4245.63,Cash on Delivery,Failed
1591,1403,4245.63,Debit Card,Refunded
1592,1404,7121.79,Bank Transfer,Completed
1593,1405,6892.41,Credit Card,Completed
1594,1406,2913.93,Debit Card,Refunded
1595,1407,3703.49,Bank Transfer,Completed
1596,1408,5047.52,Cash on Delivery,Completed
1597,1409,5474.08,Bank Transfer,Completed
1598,1410,5528.98,PayPal,Completed
1599,1411,14063.49,Credit Card,Completed
1600,1412,4196.16,PayPal,Pending
1601,1413,2446.98,PayPal,Pending
1602,1414,625.05,PayPal,Completed
1603,1415,4411.81,Bank Transfer,Completed
1604,1416,4586.49,Credit Card,Pending
1605,1417,6562.66,Cash on Delivery,Failed
1606,1417,6562.66,Credit Card,Failed
1607,1417,6562.66,Credit Card,Completed
1608,1418,2633.79,PayPal,Failed
1609,1418,2633.79,Debit Card,Failed
1610,1418,2633.79,PayPal,Refunded
1611,1419,4004.5,Credit Card,Failed
1612,1419,4004.5,PayPal,Pending
1613,1420,6387.86,Bank Transfer,Refunded
1614,1421,1580.16,Bank Transfer,Completed
1615,1422,4221.51,PayPal,Failed
1616,1422,4221.51,Debit Card,Completed
1617,1423,10090.85,Bank Transfer,Completed
1618,1424,6023.17,Bank Transfer,Completed
1619,1425,7305.56,Cash on Delivery,Failed
1620,1425,7305.56,Bank Transfer,Failed
1621,1425,7305.56,Bank Transfer,Completed
1622,1426,6975.17,Bank Transfer,Completed
1623,1427,1581.04,Debit Card,Completed
1624,1428,4294.83,Cash on Delivery,Refunded
1625,1429,113.19,Credit Card,Failed
1626,1429,113.19,Bank Transfer,Failed
1627,1429,113.19,Cash on Delivery,Completed
1628,1430,1160.74,Credit Card,Completed
1629,1431,1641.8,Debit Card,Failed
1630,1431,1641.8,Cash on Delivery,Refunded
1631,1432,1532.85,PayPal,Completed
1632,1433,6150.64,Cash on Delivery,Completed
1633,1434,174.26,Bank Transfer,Completed
1634,1435,8910.51,Credit Card,Completed
1635,1436,5754.43,Cash on Delivery,Completed
1636,1437,4103.75,Credit Card,Completed
1637,1438,3009.64,Cash on Delivery,Completed
1638,1439,2360.5,Cash on Delivery,Completed
1639,1440,4444.34,Bank Transfer,Pending
1640,1441,5440.3,Bank Transfer,Completed
1641,1442,1050.6,Cash on Delivery,Completed
1642,1443,3082.16,PayPal,Completed
1643,1444,2437.19,Bank Transfer,Refunded
1644,1445,1849.13,Debit Card,Failed
1645,1445,1849.13,Bank Transfer,Completed
1646,1446,110.46,Cash on Delivery,Completed
1647,1447,6204.42,Cash on Delivery,Completed
1648,1448,2033.16,Debit Card,Completed
1649,1449,1234.78,Bank Transfer,Completed
1650,1450,7080.44,Cash on Delivery,Completed
1651,1451,5785.76,Cash on Delivery,Pending
1652,1452,5899.55,PayPal,Completed
1653,1453,542.45,Cash on Delivery,Failed
1654,1453,542.45,Cash on Delivery,Failed
1655,1453,542.45,Debit Card,Completed
1656,1454,250.54,Bank Transfer,Failed
1657,1454,250.54,Credit Card,Completed
1658,1455,1821.96,Credit Card,Completed
1659,1456,3164.0,PayPal,Refunded
1660,1457,7022.45,Bank Transfer,Pending
1661,1458,1358.81,Credit Card,Refunded
1662,1459,1883.38,PayPal,Completed
1663,1460,6396.57,Debit Card,Pending
1664,1461,8697.16,Debit Card,Completed
1665,1462,5206.87,Debit Card,Completed
1666,1463,4380.44,Debit Card,Refunded
1667,1464,6638.19,PayPal,Completed
1668,1465,9670.18,Credit Card,Completed
1669,1466,3579.6,Bank Transfer,Completed
1670,1467,11832.84,Debit Card,Completed
1671,1468,11899.1,Debit Card,Completed
1672,1469,5009.77,Debit Card,Completed
1673,1470,2061.11,Bank Transfer,Refunded
1674,1471,9216.55,PayPal,Failed
1675,1471,9216.55,Bank Transfer,Failed
1676,1471,9216.55,Bank Transfer,Pending
1677,1472,6158.23,PayPal,Pending
1678,1473,8724.17,Cash on Delivery,Completed
1679,1474,1784.43,Credit Card,Refunded
1680,1475,2168.36,Credit Card,Completed
1681,1476,8303.68,Cash on Delivery,Completed
1682,1477,1959.22,PayPal,Pending
1683,1478,1402.66,Debit Card,Pending
1684,1479,10620.55,Debit Card,Failed
1685,1479,10620.55,Debit Card,Completed
1686,1480,8485.55,PayPal,Pending
1687,1481,979.24,PayPal,Completed
1688,1482,4313.76,Bank Transfer,Failed
1689,1482,4313.76,Cash on Delivery,Completed
1690,1483,3630.15,Cash on Delivery,Completed
1691,1484,4096.01,Credit Card,Pending
1692,1485,4805.12,Cash on Delivery,Completed
1693,1486,8740.38,Bank Transfer,Pending
1694,1487,794.93,Debit Card,Failed
1695,1487,794.93,Credit Card,Failed
1696,1487,794.93,Bank Transfer,Pending
1697,1488,2838.84,Credit Card,Refunded
1698,1489,5258.07,Debit Card,Failed
1699,1489,5258.07,Cash on Delivery,Pending
1700,1490,10577.8,PayPal,Pending
1701,1491,4025.05,Debit Card,Pending
1702,1492,7007.72,PayPal,Completed
1703,1493,5452.59,Cash on Delivery,Refunded
1704,1494,4810.69,Bank Transfer,Refunded
1705,1495,4979.1,Bank Transfer,Completed
1706,1496,5861.61,Cash on Delivery,Pending
1707,1497,3326.14,Bank Transfer,Completed
1708,1498,3340.67,PayPal,Completed
1709,1499,8045.34,PayPal,Completed
1710,1500,6093.62,Bank Transfer,Failed
1711,1500,6093.62,PayPal,Completed
